<?xml version="1.0" encoding="utf-8"?>
<install type="extensions" method="upgrade">
	<name>ICMS</name>
	<version>1.5</version>
	<extension_classname>icms</extension_classname>
	<extension_option>com_content</extension_option>
	
	<files>
		<folder extensions="icms">theme</folder>
		<folder extensions="icms">tmpl</folder>
		<folder extensions="icms">language</folder>
		<filename extensions="icms">icms.php</filename>
		<filename extensions="icms">articles.php</filename>
		<filename extensions="icms">categories.php</filename>
		<filename extensions="icms">helper.php</filename>	
		
		<image extensions="icms">icms.png</image>
		<image extensions="icms">icms_48.png</image>
	</files>

	<config>
		<cfg 
			caption="COM_IJOOMER_ICMS_ARTICLE_LIMIT"
			value="10"
			description="COM_IJOOMER_ICMS_ARTICLE_LIMIT_EXPLAIN"
			options=""
			type="text"
			group="pagination"
			server="0">ICMS_ARTICLE_LIMIT
		</cfg>
		<cfg 
			caption="COM_IJOOMER_ICMS_CATEGORY_LIMIT"
			value="10"
			description="COM_IJOOMER_ICMS_CATEGORY_LIMIT_EXPLAIN"
			options=""
			type="text"
			group="pagination"
			server="0">ICMS_CATEGORY_LIMIT
		</cfg>
	</config>
	
	<views>
		<view>
			<caption>All category</caption>
			<extView>categories</extView>
			<extTask>allCategories</extTask>
			<remoteTask>IcmsAllCategory</remoteTask>
			<requiredField>0</requiredField>
		</view>
		<view>
			<caption>Category blog</caption>
			<extView>categories</extView>
			<extTask>categoryBlog</extTask>
			<remoteTask>IcmsCategoryBlog</remoteTask>
			<requiredField>1</requiredField>
		</view>
		<view>
			<caption>Single Category</caption>
			<extView>categories</extView>
			<extTask>singleCategory</extTask>
			<remoteTask>IcmsSingleCategory</remoteTask>
			<requiredField>1</requiredField>
		</view>
		<view>
			<caption>Featured article</caption>
			<extView>articles</extView>
			<extTask>featured</extTask>
			<remoteTask>IcmsFeaturedArticles</remoteTask>
			<requiredField>0</requiredField>
		</view>
		<view>
			<caption>Archive article</caption>
			<extView>articles</extView>
			<extTask>archive</extTask>
			<remoteTask>IcmsArchivedArticles</remoteTask>
			<requiredField>0</requiredField>
		</view>
		<view>
			<caption>Single article</caption>
			<extView>articles</extView>
			<extTask>singleArticle</extTask>
			<remoteTask>IcmsSingleArticle</remoteTask>
			<requiredField>1</requiredField>
		</view>
		<view>
			<caption>Favourite article</caption>
			<extView>articles</extView>
			<extTask>favourite</extTask>
			<remoteTask>IcmsFavouriteArticles</remoteTask>
			<requiredField>0</requiredField>
		</view>
	</views>
</install>
